name,bpf_f,bpf_q,ls_g,ls_f,ls_q,distortion,preg,postg,th,tg,clip_pre,clip_post
default,1454.236,1.781,-10.44,483.2497,10,0.3,0.247529,0.14267,0.01227265,0.29,0.9963626,1.781976
defaultbkp,1908,4.23,-3.24,628.9,10,0.38,0.26,0.192,0.033,0.68,1,1
test_1,1515.932,3.044,-9.6,390.2209,10,0.6950001,0.26,0.1900561,0.01515102,0.08,1,1
test_2,2090.089,1.860001,-9.959999,390.2209,10,0.6950001,0.26,0.192,0.033,0.68,1,1
good_1,2090.089,1.860001,-9.959999,390.2209,10,0.6950001,0.26,0.1900561,0.02268177,0.08,1,1
tueyeckert,1454.236,1.781,-10.44,483.2497,10,0.3,0.6214699,0.14267,0.01927913,0.23,1,1
